{"count":1,"self":78.2657152,"total":170.6215396,"children":{"InitializeActuators":{"count":3,"self":0.0022145,"total":0.0022145,"children":null},"InitializeSensors":{"count":3,"self":0.0010211999999999999,"total":0.0010211999999999999,"children":null},"AgentSendState":{"count":90101,"self":0.2336587,"total":0.92428559999999993,"children":{"CollectObservations":{"count":54063,"self":0.1667185,"total":0.1667185,"children":null},"WriteActionMask":{"count":54063,"self":0.0193266,"total":0.0193266,"children":null},"RequestDecision":{"count":54063,"self":0.13644799999999999,"total":0.5045818,"children":{"AgentInfo.ToProto":{"count":54063,"self":0.1242075,"total":0.3681338,"children":{"GenerateSensorData":{"count":54063,"self":0.24392629999999998,"total":0.24392629999999998,"children":null}}}}}}},"DecideAction":{"count":90101,"self":90.9634176,"total":90.9634157,"children":null},"AgentAct":{"count":90101,"self":0.46047859999999996,"total":0.46047859999999996,"children":null},"AgentInfo.ToProto":{"count":468,"self":0,"total":0.0034046999999999997,"children":{"GenerateSensorData":{"count":468,"self":0.0034046999999999997,"total":0.0034046999999999997,"children":null}}}},"gauges":{"Basic.CumulativeReward":{"count":468,"max":7088.838,"min":-42.685524,"runningAverage":18.50256,"value":-17.94086,"weightedAverage":-17.0638237}},"metadata":{"timer_format_version":"0.1.0","start_time_seconds":"1707230435","unity_version":"2022.3.16f1c1","command_line_arguments":"D:\\Programming\\unity\\editors\\2022.3.16f1c1\\Editor\\Unity.exe -projectpath D:\\Programming\\unity\\projects\\MLLearning -useHub -hubIPC -cloudEnvironment production -licensingIpc LicenseClient-25768 -hubSessionId ea4efbb0-c4ba-11ee-9f17-cdea12230bd3 -accessToken AZcWJr__JxUczSUP_IeSD-94c9nfNOaEP0VAfQ-13A001ef","communication_protocol_version":"1.5.0","com.unity.ml-agents_version":"2.0.1","scene_name":"OvalDisplayScene","end_time_seconds":"1707230605"}}