{"count":1,"self":97.9922112,"total":224.4364185,"children":{"InitializeActuators":{"count":1,"self":0.0010165,"total":0.0010165,"children":null},"InitializeSensors":{"count":1,"self":0.0020143,"total":0.0020143,"children":null},"AgentSendState":{"count":156034,"self":1.7605301999999998,"total":10.5104968,"children":{"CollectObservations":{"count":31207,"self":0.094220699999999991,"total":0.094220699999999991,"children":null},"WriteActionMask":{"count":31207,"self":0.027722999999999998,"total":0.027722999999999998,"children":null},"RequestDecision":{"count":31207,"self":0.0785855,"total":8.6280229,"children":{"AgentInfo.ToProto":{"count":31207,"self":0.11216849999999999,"total":8.5494374,"children":{"GenerateSensorData":{"count":31207,"self":8.412553599999999,"total":8.4372689,"children":{"RayPerceptionSensor.Perceive":{"count":31207,"self":0.0247154,"total":0.0247154,"children":null}}}}}}}}},"DecideAction":{"count":156034,"self":115.5855232,"total":115.58551899999999,"children":null},"AgentAct":{"count":156034,"self":0.34515789999999996,"total":0.34515789999999996,"children":null}},"gauges":{},"metadata":{"timer_format_version":"0.1.0","start_time_seconds":"1707127279","unity_version":"2022.3.16f1c1","command_line_arguments":"D:\\Programming\\unity\\editors\\2022.3.16f1c1\\Editor\\Unity.exe -projectpath D:\\Programming\\unity\\projects\\MLLearning -useHub -hubIPC -cloudEnvironment production -licensingIpc LicenseClient-25768 -hubSessionId 2ac58430-c3f7-11ee-a0dd-7b66ed316afb -accessToken knMAW8XbbWpAv5VhMKQ4r1QRQXM04UfXYgPHIerfx_w01ef","communication_protocol_version":"1.5.0","com.unity.ml-agents_version":"2.0.1","scene_name":"s1","end_time_seconds":"1707127503"}}